Goal Type,User ID,Portfolio ID,Region,ID
GENERAL_INVESTING,SG59866fb8840fe0000b234493,SGa09326d4-178f-482c-aaf3-ab8aab32b3c6,SG,598670d5078d11000a1462dd
RETIREMENT,SG598678c9840fe0000b2344b1,SGb1df85ed-a4dd-49ea-aa5f-c8149c6f0130,SG,5986794f840fe0000b2344b5
GENERAL_INVESTING,SG59867b37078d11000a1462fb,SG2a91b4b8-7d8d-4af4-9908-6ca6ad05e846,SG,59867b82840fe0000b2344bd
RETIREMENT,SG59867ba8078d11000a146300,SG82639fba-4080-478a-beba-d4e44e7c57ad,SG,59867d5d078d11000a146309
CHILD_EDUCATION,SG59867dd0078d11000a146310,SG7b1efdaa-94a7-4df0-adb9-cbe9c0f81042,SG,59867e50840fe0000b2344c8
GENERAL_INVESTING,SG598683ac078d11000a14631e,SG56f67eb3-b36c-4a2a-a48a-cd2483252b4d,SG,598684c1078d11000a146324
GENERAL_INVESTING,SG598687ba840fe0000b2344e5,SG0893a9a6-5082-4c59-8a51-a2aea24914e8,SG,5986887e078d11000a14632a
RETIREMENT,SG59869064078d11000a146339,SGe861aa48-77de-4998-83f5-b2d75247c000,SG,59869122840fe0000b2344f5
RETIREMENT,SG59869008078d11000a146335,SG1496fe03-7e6b-45d3-848c-20f2cd2c0467,SG,59869165840fe0000b2344fa
GENERAL_INVESTING,SG598693c7078d11000a14633f,SG9c821c15-b53f-4a44-85d6-c9314e75daf7,SG,59869416078d11000a146344
CHILD_EDUCATION,SG598699c8078d11000a14635d,SGb71503e9-9379-44af-83c2-0191be37c03a,SG,59869aab078d11000a146363
GENERAL_INVESTING,SG59869957078d11000a146357,SG335125fc-8c2f-4535-a19c-19e91244a43a,SG,59869b74078d11000a146369
GENERAL_INVESTING,SG59869957078d11000a146357,SGd89ac664-d05e-4c3d-a18b-3decaa41a2c0,SG,59869fe6840fe0000b23451e
RETIREMENT,SG5986a3f4078d11000a14637f,SG4da388f5-176b-49b7-840d-f3066579b14f,SG,5986a4b5078d11000a146384
RETIREMENT,SG5986a3f4078d11000a14637f,SG30011f70-abec-4d12-a2b0-208145b69534,SG,5986a4e6078d11000a146389
GENERAL_INVESTING,SG5986a51d840fe0000b234525,SG20c4b671-4daf-4626-b7e2-125a479c44d8,SG,5986a55d840fe0000b234529
GENERAL_INVESTING,SG5986a9ea840fe0000b23452f,SGe6acb0fd-754f-49ac-9030-94ab7d93d02e,SG,5986ab3d078d11000a146397
GENERAL_INVESTING,SG5986addf078d11000a14639f,SG7d94e85e-c7ee-4f8f-a16d-c1cb625b9de1,SG,5986ae98078d11000a1463a3
GENERAL_INVESTING,SG5986b4bd078d11000a1463ae,SG80fa3096-4b20-4151-94a0-694b4b7671d0,SG,5986b571840fe0000b234543
GENERAL_INVESTING,SG5986b688840fe0000b234549,SGf82cacf7-2967-4055-ad05-bfe87cfe85d1,SG,5986b6ed078d11000a1463b9
RETIREMENT,SG5986b6b9078d11000a1463b4,SG936ff209-2eb2-4014-a5b4-bab2c8476016,SG,5986b99c840fe0000b234554
CHILD_EDUCATION,SG5986bf2b078d11000a1463c7,SG8e1730b4-f71b-4fe5-97f3-8b5d17cd9fa9,SG,5986bfa1078d11000a1463cd
GENERAL_INVESTING,SG5986c235840fe0000b234561,SG159fb03e-1365-42db-b470-88b351eeceb1,SG,5986c289840fe0000b234566
RETIREMENT,SG5986b688840fe0000b234549,SGce78980d-e895-4f69-ad20-f6f514a02472,SG,5986c2c6078d11000a1463d9
GENERAL_INVESTING,SG5986ccd7078d11000a1463e1,SG9dbe4919-d36d-41a7-bd8e-507f3f6a7ee0,SG,5986cd66840fe0000b234572
RETIREMENT,SG5986d8e8078d11000a1463ea,SGaf46ee60-9842-43b6-acf7-9e591327708a,SG,5986d9eb840fe0000b23457c
RETIREMENT,SG598979e3840fe0000b234938,SGec566d30-4aad-49fd-9e0a-deff5fb1f480,SG,59897a3f840fe0000b234941
GENERAL_INVESTING,SG598979e3840fe0000b234938,SG8596922a-0ce1-4af3-8c64-17bca8e11162,SG,59897ab2840fe0000b234946
CHILD_EDUCATION,SG5986b486078d11000a1463aa,SGd7708ba4-400e-461c-9345-f01bec88b16f,SG,598a7b5a078d11000a1468ea
CHILD_EDUCATION,SG5986b486078d11000a1463aa,SG7d551121-79c0-496a-8940-4cf59c28301e,SG,598a88c4078d11000a14690a
GENERAL_INVESTING,SG5986b486078d11000a1463aa,SGce6b01db-c9fc-436b-8b51-1840b78bbdd1,SG,598a8ace840fe0000b234a47
BUY_A_HOME,SG5986b486078d11000a1463aa,SG604b52c1-8a72-4fa5-bbb3-2943b097536d,SG,598a8b22840fe0000b234a4d
BUY_A_HOME,SG59867b37078d11000a1462fb,SGa95cc54f-3ace-4dbf-b13c-59c101b6d731,SG,598ac119840fe0000b234a8d
GENERAL_INVESTING,SG598ee8595afffc0009f2df0b,SG49658f60-e378-4a0f-ae33-f3373622984a,SG,598ee9b7a471e5000be04677
GENERAL_INVESTING,SG598ef345a471e5000be0467f,SG355ea015-5e27-4428-b68a-ed2f4cde8cfa,SG,598ef4085afffc0009f2df13
GENERAL_INVESTING,SG598f08b4a471e5000be0468a,SGb82d00b7-194f-4e81-b655-bd6788839e4e,SG,598f08fb5afffc0009f2df1f
GENERAL_INVESTING,SG598f0939a471e5000be0468e,SG983a8c4a-6da0-4cfa-ae2c-cab621df73dd,SG,598f0996a471e5000be04697
RETIREMENT,SG598f094aa471e5000be04692,SG92dcfa6e-13b2-40bc-92e4-7ab1be6b1980,SG,598f0a415afffc0009f2df26
RETIREMENT,SG598f0939a471e5000be0468e,SG974c11e5-c342-428c-b319-dd63e998e697,SG,598f0be3a471e5000be046a4
GENERAL_INVESTING,SG598f1bb55afffc0009f2df35,SGd7fc5de2-9d00-4bdf-9770-1d5a04b023d3,SG,598f1c39a471e5000be046b6
GENERAL_INVESTING,SG598f1bb55afffc0009f2df35,SGac54cdf6-f86b-4073-a967-689ea70cfd4d,SG,598f1d1e5afffc0009f2df3a
GENERAL_INVESTING,SG598f227f5afffc0009f2df41,SGe536c69b-5daf-4f8b-8245-6bd9a19647ed,SG,598f22d85afffc0009f2df45
GENERAL_INVESTING,SG598f24ab5afffc0009f2df4f,SG460a5b86-8ebe-429f-98e6-002a41e11d28,SG,598f24dd5afffc0009f2df54
GENERAL_INVESTING,SG598f4e15a471e5000be046c4,SG8a793763-bfcf-46af-8831-53934316f73c,SG,598f4e755afffc0009f2df5e
GENERAL_INVESTING,SG598f9bc75afffc0009f2df67,SG7da84df2-e63a-4081-8845-21a9b1187ad7,SG,598f9c5e5afffc0009f2df6c
GENERAL_INVESTING,SG598fa648a471e5000be046d2,SG7bd5e75e-6043-45c9-abc0-f0f0aea96ae3,SG,598fa6bea471e5000be046d7
GENERAL_INVESTING,SG598fb998a471e5000be046e5,SGf307bf92-7ce1-492b-acbc-f136be8714a6,SG,598fba615afffc0009f2df7b
RETIREMENT,SG598fba2a5afffc0009f2df77,SGedee5004-523b-467f-975b-158024f85fae,SG,598fbaef5afffc0009f2df81
GENERAL_INVESTING,SG598fbc44a471e5000be046f2,SG1f192fee-fe39-4b72-b948-ac5748c797b0,SG,598fbca1a471e5000be046f7
GENERAL_INVESTING,SG598fc2935afffc0009f2df99,SGb844d2d6-4a05-4cca-ad49-c34a05c6903e,SG,598fc36b5afffc0009f2df9d
GENERAL_INVESTING,SG598fd11aa471e5000be04710,SG5acd04a6-36d4-42cd-91d9-9246a19774ed,SG,598fd2ef5afffc0009f2dfa7
RETIREMENT,SG598fdc83a471e5000be04721,SGcd86a0d7-06cb-4536-b4d7-33393ee25726,SG,598fdd35a471e5000be04725
GENERAL_INVESTING,SG598fe7ae5afffc0009f2dfbb,SG6fbc92a3-3a9f-43cb-b6af-a0b00e0ba796,SG,598fe876a471e5000be04731
RETIREMENT,SG598f9bc75afffc0009f2df67,SGec2893ec-c107-4608-aeab-cbe9dd255e26,SG,598ff4a2a471e5000be0473c
BUY_A_HOME,SG598ff9b5a471e5000be04746,SG3ff05168-35dd-497d-aca0-cd640c7b8b36,SG,598ffa49a471e5000be0474f
GENERAL_INVESTING,SG598ffa02a471e5000be0474b,SG8c520cce-d03d-4fa1-a40b-e1e4c34cb9cd,SG,598ffab95afffc0009f2dfc8
CHILD_EDUCATION,SG598ffacf5afffc0009f2dfcd,SGafddc998-6b49-4ef6-9c73-0906a853364a,SG,598ffbd1a471e5000be04758
GENERAL_INVESTING,SG598ffb66a471e5000be04754,SGd51a49ce-c901-4dbd-8e74-350fd313297b,SG,598ffc055afffc0009f2dfd3
RETIREMENT,SG598f9bc75afffc0009f2df67,SG3cc9c0e8-1cb2-43bc-a3cf-23a4da6b88f4,SG,598fff24a471e5000be04764
GENERAL_INVESTING,SG598ffacf5afffc0009f2dfcd,SG29af9e29-982b-4417-a1e3-e26bc345abc8,SG,5990002aa471e5000be0476a
RETIREMENT,SG598f9bc75afffc0009f2df67,SGb70a6cc1-fe1b-4f38-b130-93dcdad900b4,SG,59900653a471e5000be04777
RETIREMENT,SG599006515afffc0009f2dfe2,SG42b07e0e-6f1d-4b6f-8c5e-64e43a8ef614,SG,59900744a471e5000be0477d
GENERAL_INVESTING,SG598f9bc75afffc0009f2df67,SGc51be38c-baf6-422b-8283-c21be512d4c9,SG,5990098a5afffc0009f2dfe9
GENERAL_INVESTING,SG598f9bc75afffc0009f2df67,SG38ce3156-a800-4a63-a945-0a7a0925c19d,SG,59900bf3a471e5000be04789
RETIREMENT,SG59900f70a471e5000be0478f,SGa1c28cc6-e7d6-418e-b7f7-43b988acec89,SG,599010305afffc0009f2dff5
GENERAL_INVESTING,SG599014ea5afffc0009f2dffc,SGc265eea7-e500-4c8b-ba4b-0302cd8b2fec,SG,59901551a471e5000be04794
RETIREMENT,SG599015805afffc0009f2e001,SG743ab2f0-bb5b-4435-9d8f-6080f6767148,SG,599015fda471e5000be0479a
RETIREMENT,SG598f9bc75afffc0009f2df67,SG2c1303a3-acf7-439d-99c3-dc8da6a9bfaf,SG,599031cba471e5000be047be
BUY_A_HOME,SG598f9bc75afffc0009f2df67,SGa115d0cd-22f9-42d1-8228-ce01c0409ed0,SG,599036b05afffc0009f2e020
GENERAL_INVESTING,SG59903f495afffc0009f2e02a,SG5f27c319-1c4e-4588-8af9-081d0233e4df,SG,59903fb45afffc0009f2e02f
GENERAL_INVESTING,SG599042f55afffc0009f2e034,SG8bc1b634-f486-4455-b2ef-3795d152335f,SG,599043b85afffc0009f2e038
RETIREMENT,SG599048ada471e5000be047e3,SGfdc6f007-fe67-461f-93cf-2d76400b2d8c,SG,5990496ea471e5000be047e9
CHILD_EDUCATION,SG599048ada471e5000be047e3,SG6157d9c9-dd7e-43ab-82c4-6c4213f03318,SG,5990499fa471e5000be047ef
GENERAL_INVESTING,SG5990526b5afffc0009f2e065,SG5f86f755-e1e6-4043-958e-40aea270e03f,SG,59905290a471e5000be047ff
GENERAL_INVESTING,SG59905fcc5afffc0009f2e074,SG15b94bdb-5ff4-4569-916a-841d96251170,SG,599060365afffc0009f2e079
GENERAL_INVESTING,SG59906006a471e5000be0480b,SG729d7979-76f3-4383-b69b-54a77add7f56,SG,599060535afffc0009f2e07e
GENERAL_INVESTING,SG599066e0a471e5000be04817,SG0308155e-f3ce-47c6-8376-288195125526,SG,5990672a5afffc0009f2e086
RETIREMENT,SG59906e6d5afffc0009f2e092,SG6902616f-f0e4-46db-afde-f25d69d2b37c,SG,59906f135afffc0009f2e097
GENERAL_INVESTING,SG59907b945afffc0009f2e0a6,SG01d0f95a-636c-4e2b-978b-b61931dd7be6,SG,59907be45afffc0009f2e0aa
BUY_A_HOME,SG599042f55afffc0009f2e034,SGf3c9fa2a-19df-4569-9ed9-46e509a3d098,SG,59907eec5afffc0009f2e0b0
BUY_A_HOME,SG599051735afffc0009f2e05b,SGa87a6e96-6b2c-4a84-9b4f-6eebc50ec711,SG,599092e35afffc0009f2e0c1
GENERAL_INVESTING,SG5992667e5afffc0009f2e252,SG0b4ba739-6bbd-45b0-86c4-c4e0f3726a08,SG,5992689fa471e5000be049b4
GENERAL_INVESTING,SG599275e2a471e5000be049bd,SGd458f667-c1aa-4c7c-9253-79a92168f8aa,SG,59927620a471e5000be049c3
GENERAL_INVESTING,SG5992777fa471e5000be049c9,SG28e524b1-fc66-4881-9b13-696daaec162a,SG,599277d35afffc0009f2e264
GENERAL_INVESTING,SG599285345afffc0009f2e26d,SGe3c1bbe5-cdc5-4a26-bdbf-d44b3e48476c,SG,5992859d5afffc0009f2e272
GENERAL_INVESTING,SG59928ff8a471e5000be049dc,SG4b101c00-3d53-40d0-9041-9d14287a23b2,SG,599290345afffc0009f2e285
GENERAL_INVESTING,SG599297f2a471e5000be049e1,SG55199676-094d-4ec3-a025-38692e088a91,SG,5992984ba471e5000be049e5
RETIREMENT,SG599297f2a471e5000be049e1,SGfe5c2689-8c1a-493d-a0be-833da0bb52ac,SG,5992988ea471e5000be049ea
CHILD_EDUCATION,SG599297f2a471e5000be049e1,SG87fc133a-8cf5-4374-b0f9-22e83866d62f,SG,599298bf5afffc0009f2e28b
GENERAL_INVESTING,SG599299745afffc0009f2e290,SGe6efd643-486a-4152-b04e-c4dce96fda92,SG,599299ae5afffc0009f2e29b
GENERAL_INVESTING,SG59929988a471e5000be049ef,SGae5b9ea3-f24b-4167-8c6a-93def90d0978,SG,599299e35afffc0009f2e2a0
BUY_A_HOME,SG59929e65a471e5000be04a03,SG4f3e21e3-df5e-46b6-88f8-b9cbd1bab212,SG,5992a01d5afffc0009f2e2b1
GENERAL_INVESTING,SG59929f965afffc0009f2e2ac,SG70bd5aeb-0b00-46a1-9209-3efc7c88eb47,SG,5992a059a471e5000be04a09
GENERAL_INVESTING,SG59929e65a471e5000be04a03,SG74634247-3b3f-4611-b886-1b08d891689a,SG,5992a3725afffc0009f2e2bd
GENERAL_INVESTING,SG5992a8c65afffc0009f2e2c9,SG058b7c50-9b54-4084-9132-65be1f9cdcbf,SG,5992b6045afffc0009f2e2d5
BUY_A_HOME,SG59912947a471e5000be04884,SG2968344a-d03b-4f75-ae89-03936269e72a,SG,5992c34ba471e5000be04a3f
GENERAL_INVESTING,SG5992c4645afffc0009f2e2de,SG09fd80ec-c8bd-4e3c-87cd-2d7565c92adb,SG,5992c4e35afffc0009f2e2e7
RETIREMENT,SG5992c406a471e5000be04a46,SGca4d95fe-7076-4e4c-802e-4d18461be1d8,SG,5992c516a471e5000be04a4c
RETIREMENT,SG5992c406a471e5000be04a46,SG578dd31e-6e15-42de-be06-2d6353e5c95f,SG,5992c5175afffc0009f2e2ec
RETIREMENT,SG5992c4b15afffc0009f2e2e3,SG662ca846-286c-44cf-993c-423b5ca07327,SG,5992c51ca471e5000be04a51
GENERAL_INVESTING,SG5992d6f2a471e5000be04a67,SGf51880ee-433f-42f7-b033-610efa601bd6,SG,5992d7395afffc0009f2e309
GENERAL_INVESTING,SG5992dbe25afffc0009f2e310,SGa2ff26da-8d58-4e58-95cf-3a592b008822,SG,5992dcffa471e5000be04a70
GENERAL_INVESTING,SG5992ea3ca471e5000be04a7d,SG74481c0b-1047-46bb-82d2-fb56cc184abe,SG,5992eb8a5afffc0009f2e31f
BUY_A_HOME,SG5992edb75afffc0009f2e325,SGd44e8b44-3071-423f-87f7-41e7d2dc4b3b,SG,5992ee595afffc0009f2e32d
GENERAL_INVESTING,SG5992f0405afffc0009f2e336,SG75536c81-36d8-4017-afcc-f22e1f5b8328,SG,5992f0e25afffc0009f2e33c
GENERAL_INVESTING,SG5992f0195afffc0009f2e332,SGed4711f5-cf1a-47d2-b9ff-1f80beb22e15,SG,5992f14ea471e5000be04a8c
GENERAL_INVESTING,SG5992c4b15afffc0009f2e2e3,SGadaca4c1-495a-4d4e-8a8b-369014ce5a6d,SG,599380435afffc0009f2e399
BUY_A_HOME,SG5992c4b15afffc0009f2e2e3,SG49b437c3-df88-48b9-978d-87d7edfe8a73,SG,59938675a471e5000be04b00
GENERAL_INVESTING,SG59867b37078d11000a1462fb,SG465ad2fb-b2f1-4130-a05e-b98b85b623d3,SG,59accb69b345b3000adb3831
EMERGENCY_FUND,SG598f0939a471e5000be0468e,SG5397016a-1a62-438f-8078-47929d7b74b6,SG,59d1680f3025290009e4b11b
RETIREMENT,SG598699c8078d11000a14635d,SG7b96d668-c46f-4664-940b-8655064cd908,SG,59da3ba1e6feb0000906f1df
RETIREMENT,SG59912f945afffc0009f2e105,SGc2fe65f0-29b4-42a9-8e16-ed16604b6512,SG,59f883b4600a58000a9267f2
GENERAL_INVESTING,SG599014ea5afffc0009f2dffc,SG66b978fc-7b3d-4f11-b74f-9992ebdfdcd4,SG,5a5e1d4d39e666000afe128c
GENERAL_INVESTING,SG599014ea5afffc0009f2dffc,SG084743db-aa40-470a-ad1e-24968320ad13,SG,5a5e1d8e38ad34000ac71c4c
RETIREMENT,SG598699c8078d11000a14635d,SG6dc8e192-d54b-4ba1-bb49-5387a884e50b,SG,5ab4b05bd74894000a09f21c
RETIREMENT,SG59869008078d11000a146335,SG50bbe6ab-bfac-4884-b9ff-fbbd80c54ede,SG,5b8607d4258ff60007497803
RETIREMENT,SG598699c8078d11000a14635d,SG133b6523-3f54-479e-8bdf-18d18e401cc0,SG,5b9ddd06bd87bd00079b4e8e
GENERAL_INVESTING,SG599014ea5afffc0009f2dffc,SG145171a7-38c5-414b-96b4-ddc6ccdbd878,SG,5c06a8033832850007e65ae7
GENERAL_INVESTING,SG599014ea5afffc0009f2dffc,SG423b9039-fa0e-41c7-97bf-d1b2db344eab,SG,5c11f7fbbba47300072d9bce
GENERAL_INVESTING,SG598f0939a471e5000be0468e,SGe4abe822-9689-4fc1-b51b-d4e0361adec1,SG,5c7387640de28d00074a5897
GENERAL_INVESTING,SG59866fb8840fe0000b234493,SG9b3f2784-25e7-4d91-85c8-278e43835bf1,SG,5cfd34ee762128000777897b
GENERAL_INVESTING,SG59866fb8840fe0000b234493,SGe0f9b224-485b-49a9-b808-7c2e273b5732,SG,5d31f6e61c45010007e717f4
GENERAL_INVESTING,SG599014ea5afffc0009f2dffc,SG440c3b3a-3231-434f-b66f-f575ca639f2b,SG,5d60363e8d6637000716a9ad
RETIREMENT,SG59907b945afffc0009f2e0a6,SG85861f70-7f5f-4aae-bdef-5a96237e6b91,SG,5d786302a4f05400073130c6
GENERAL_INVESTING,SG59907b945afffc0009f2e0a6,SG29b5e653-0154-4c3a-854f-3b60d5f7d80b,SG,5d78638a52792c00076106d4
RETIREMENT,SG59907b945afffc0009f2e0a6,SG050986fb-096e-42a2-b1e5-f74659e80abd,SG,5d798f78a4cf380007916e32
INCOME,SG59929988a471e5000be049ef,SGcf6906de-f2c2-4661-877c-4069a9826360,SG,5d7a5f2447aab8000a72f0e3
INCOME,SG5992a8c65afffc0009f2e2c9,SG0c15922e-2cec-4c81-97fa-7af92efe8fab,SG,5d9407ff857e4e00079336f4
MMF,SG59867137078d11000a1462e2,SG4306a26d-1180-4965-ba6b-d00206576aae,SG,5dd1e4ac564a990008fce5cb
MMF,SG5992a8c65afffc0009f2e2c9,SGc6aef4ca-6f53-4c1a-8896-055ee1d57866,SG,5dd1fba568dfb7000a839ec8
MMF,SG598f0939a471e5000be0468e,SGe8ed18d4-bc7a-4a4a-9a3a-a1f8a3567a02,SG,5dd231e62c0ee400070d8f72
MMF,SG5992c4b15afffc0009f2e2e3,SG3eab6bc0-e187-467c-bcc3-280e05810de0,SG,5ddb6e2e87fb9a0008b8173d
MMF,SG59912947a471e5000be04884,SG14a674a8-c456-4af8-b484-0b68b11359fc,SG,5df6f1d4d60efa000832d0b8
INCOME,SG598f9bc75afffc0009f2df67,SG040cb6cf-198f-478a-bb7e-584fa649ddca,SG,5e491de23f86370007992e21
MMF,SG599275e2a471e5000be049bd,SGe7f23278-14e3-4d5a-a455-4a2d03906689,SG,5e61982f05d178000987a71e
GENERAL_INVESTING,SG599051735afffc0009f2e05b,SG148f3e66-26c7-4251-8a83-a092b3b8adf1,SG,5990998b5afffc0009f2e0c8
GENERAL_INVESTING,SG59911233a471e5000be04856,SG209a5727-d3dd-4350-b0d1-3daf6070800c,SG,599112eca471e5000be0485a
RETIREMENT,SG599122fea471e5000be04873,SGe3f9ac3a-2fc0-4832-b0ea-b0e827b7f7b0,SG,59912348a471e5000be04877
GENERAL_INVESTING,SG59913163a471e5000be04893,SG4df4ef29-c3a6-4d12-b0e8-e3c0b5724ac4,SG,599131d15afffc0009f2e10b
GENERAL_INVESTING,SG599134dc5afffc0009f2e110,SG272e41c1-54f8-470b-8749-bcc7d28ac85e,SG,5991356c5afffc0009f2e115
GENERAL_INVESTING,SG59913536a471e5000be0489b,SG525bc4ad-a29f-4673-87a7-3823c3e00041,SG,5991357a5afffc0009f2e11a
GENERAL_INVESTING,SG59912947a471e5000be04884,SGfca3b835-7ca9-4c84-b27d-f9d7d2493bd1,SG,59914afe5afffc0009f2e147
EMERGENCY_FUND,SG598ee8595afffc0009f2df0b,SG36f5e30a-d3f0-4a09-b584-1db4aa72bcb4,SG,59cdae8d8c4d3a000c621c29
TRAVEL,SG59906006a471e5000be0480b,SGee924b4b-9d0b-4b1d-8a7a-bc26416b051f,SG,5a0af699887802000aeec177
GENERAL_INVESTING,SG598699c8078d11000a14635d,SG5a31efd6-47b6-47b6-be3b-23c4dee2f748,SG,5a44e97a8285430009748675
GENERAL_INVESTING,SG598fb998a471e5000be046e5,SGfa51e44b-d36a-404c-b573-4a6ed9e3f8fb,SG,5a6401df776e0e000b7bf5c8
RETIREMENT,SG598f0939a471e5000be0468e,SG2afe8dbd-23e5-41e1-9c23-383638b545b0,SG,5ae902c7fbe42a000bacc520
CHILD_EDUCATION,SG598fb998a471e5000be046e5,SG951b664e-932b-4343-b818-fc4fbee40db0,SG,5b757a7c47446b0007b43f32
GENERAL_INVESTING,SG5986a9ea840fe0000b23452f,SG75ee3455-f46a-4e66-b6f2-8b262a52ffeb,SG,5b93573aa045c60006e47a6d
GENERAL_INVESTING,SG59906006a471e5000be0480b,SGe0985698-e0fa-4637-9fa4-c18089b22f12,SG,5b949d43a045c60006e48239
RETIREMENT,SG5992c4b15afffc0009f2e2e3,SG0b4c3658-413d-415d-aef1-4c88214e5258,SG,5c56f007d58ed90007e51135
RETIREMENT,SG5986d8e8078d11000a1463ea,SG37af839b-ee5e-42d4-8136-b8f98c262b75,SG,5d1cc84c5976270007b1921c
GENERAL_INVESTING,SG5986d8e8078d11000a1463ea,SGe4d09729-4a4b-4978-a72a-c28a4f9a0c63,SG,5d1ccd805976270007b1925d
GENERAL_INVESTING,SG598f0939a471e5000be0468e,SG8d0a75c2-7730-4c0d-8620-0f6c1b3acb88,SG,5d527b787e5be20007716437
GENERAL_INVESTING,SG599014ea5afffc0009f2dffc,SG9a4a3d6f-97a3-499f-8d0c-6dcf0c634d17,SG,5d6a2ca8aaaa9e000775767e
GENERAL_INVESTING,SG59907b945afffc0009f2e0a6,SG90cab993-ba6a-42bc-979e-2a5736feff45,SG,5d790b3ca4cf3800079166a2
MMF,SG598699c8078d11000a14635d,SG085d6217-635f-4658-831f-7d0b64f9323b,SG,5dd1e11d68dfb7000a839bd0
MMF,SG599014ea5afffc0009f2dffc,SG0fa397b8-d525-4273-8035-9bd273f0db30,SG,5dd1f3871886920008d0b91f
MMF,SG59866fb8840fe0000b234493,SG1f6fa34f-e00b-49ea-8901-63e9ca27a70d,SG,5dd2db6310d5700008e5d3c4
MMF,SG59867b37078d11000a1462fb,SG3fe3f0f4-adee-47e5-9873-90a2ffcbb6e0,SG,5e5dcd5d268c85000813ca0b
INCOME,SG59912f945afffc0009f2e105,SGa38c6ba8-cc86-496d-aebc-d2ae8ff596f1,SG,5ecdf1bf6cb84e0009f2ee33
TRAVEL,SG5986addf078d11000a14639f,SG7c675640-b559-4534-a940-3b2eb6a32458,SG,5eee38faae2ff00009b87018
EMERGENCY_FUND,SG59912f945afffc0009f2e105,SG94267ba4-e420-4f0d-92c7-ba40b6cd91e9,SG,59f89843de126a000a9f1ba6
GENERAL_INVESTING,SG599014ea5afffc0009f2dffc,SGf9c20117-dea4-49e5-95b4-a80461e20fcb,SG,5a6c81ed6c33650009d33594
GENERAL_INVESTING,SG599014ea5afffc0009f2dffc,SG266b6cb2-3dc2-458c-b374-34d42a272ddd,SG,5a6c853bf74dfe000aad3509
TRAVEL,SG59867b37078d11000a1462fb,SG04a03394-131c-4a89-aa08-5940dd48a1d8,SG,5a8375d9cdd56e00092ed1f3
GENERAL_INVESTING,SG598699c8078d11000a14635d,SG99d08fa2-eb64-44b7-8790-84a21931c9a4,SG,5aac8c1e000757000a8a1670
GENERAL_INVESTING,SG59867137078d11000a1462e2,SG677c91a3-6a2e-4db7-95b1-966abce93f75,SG,5b75497ea5a5d50007cf8193
GENERAL_INVESTING,SG598f0939a471e5000be0468e,SGabda7367-9f1c-45a4-8f61-88aa1fa0db15,SG,5b778ece47446b0007b44e8e
GENERAL_INVESTING,SG598699c8078d11000a14635d,SGebe06e3c-9cbb-4e07-9f7e-eebb51cc1d6a,SG,5bb408a49a06c700073b743a
BUY_A_HOME,SG599042f55afffc0009f2e034,SGcb75cc92-e809-409b-ae5f-d94d8d2f0182,SG,5c0384aa224d2d0007dfa7dc
EMERGENCY_FUND,SG59912f945afffc0009f2e105,SGf14e7614-d96e-419b-810c-aac483a12c2f,SG,5c46b745ff245a000722bb7a
GENERAL_INVESTING,SG5986a9ea840fe0000b23452f,SGab75bb2d-71f7-4515-a16e-e0e905862672,SG,5c5a11a6d58ed90007e52110
GENERAL_INVESTING,SG59912f945afffc0009f2e105,SGbb96fe75-9293-4f9b-8c2c-48c6590b72b6,SG,5c9e405bbaf66a0007035486
TRAVEL,SG5986b688840fe0000b234549,SGb74f39fd-1750-4449-b1fe-f01291bab2c2,SG,5ca0df517facc70007a814f7
GENERAL_INVESTING,SG59912f945afffc0009f2e105,SG62248646-d04a-4c99-b560-e74f04fedf3e,SG,5d54f6995096090007179f57
GENERAL_INVESTING,SG598f0939a471e5000be0468e,SGc9c7f348-0919-4438-827e-bb64486c14dc,SG,5d677f26ee0c2400074cde0c
MMF,SG59912f945afffc0009f2e105,SG84e7cecd-9581-47a0-8457-bd1e5115124f,SG,5dd4fb24d7f4b6000942f927
GENERAL_INVESTING,SG598ffb66a471e5000be04754,SG74300b37-a077-4e96-96fd-448ee9df4cdd,SG,5ddfa74615f5300008f951fa
GENERAL_INVESTING,SG599042f55afffc0009f2e034,SG22f45934-6e18-4e4e-bd9a-533d14932793,SG,5dedd18f4dff5e00087d50d7
GENERAL_INVESTING,SG599042f55afffc0009f2e034,SG982f3ff2-102a-4b68-85b0-de3a6e8ea763,SG,5dedd23644ee0000086bc3f6
RETIREMENT,SG59907b945afffc0009f2e0a6,SGe1498e32-5a2c-45fa-98a0-9171b3a89fbc,SG,5e33633aa904700008ede72b
GENERAL_INVESTING,SG59907b945afffc0009f2e0a6,SG44a83966-c962-45b9-91c9-6a92fde14ee6,SG,5e3363d55f3c520009b46ce1
GENERAL_INVESTING,SG5992a8c65afffc0009f2e2c9,SGbb1c585d-4143-4f2e-add4-e4481efa0208,SG,5eb1390f4810d2000d34d47b
MMF,SG59900f70a471e5000be0478f,SG6184bfa1-0109-4e80-a990-dd519f35c372,SG,5ed2623841b2b40009190a00
GENERAL_INVESTING,SG5986addf078d11000a14639f,SG40e65b53-10d9-484f-be67-030c3a3f0a64,SG,5eeeeca4573b53000940351c
GENERAL_INVESTING,SG5986addf078d11000a14639f,SG5fcde54f-be99-4dcd-b366-752b48339c99,SG,5eeeecff5b8988000985d948
GENERAL_INVESTING,SG5986b6b9078d11000a1463b4,SG2b216e23-88d4-4031-8e92-eb7facbdfbd9,SG,5f24352691e448000934250b
GENERAL_INVESTING,SG59929e65a471e5000be04a03,SG1931995d-39af-431a-bc33-7c0d07831ce8,SG,5f9e3dacc6597a6fc722b6f8
BUY_A_HOME,SG599014ea5afffc0009f2dffc,SGdbb4548d-9975-4712-80c5-d93e0110b178,SG,5f16ef28f4f62700096f9798
RETIREMENT,SG59867b37078d11000a1462fb,SGe6f17b21-949b-4aa0-aa44-944b5cfd77a6,SG,5f8290809dc6dd0009a755df
GENERAL_INVESTING,SG59867b37078d11000a1462fb,SGdcfebf17-e2db-464e-be5b-9ed2e3020c14,SG,5ffd60d987026e7efb0b5761
GENERAL_INVESTING,SG5986b6b9078d11000a1463b4,SGeb2a23e5-9cbd-4dca-81bb-62f984e334fa,SG,6006e5911473cbc7816360eb
THEME_TECH,SG599014ea5afffc0009f2dffc,SG3aed81c0-122b-435b-9a7c-6c2351b6d45d,SG,616d32fc2513f61a3b03053e
THEME_CONSUMER,SG599014ea5afffc0009f2dffc,SG05427648-092c-477e-889f-a0b9f260b78f,SG,616d33bf31446ba0d36c5fc1
THEME_HEALTHCARE,SG599014ea5afffc0009f2dffc,SGad4db3bb-49de-4da3-99e2-e934a3ee1665,SG,616d3414c94861004cdbdc7e
THEME_TECH,SG59929e65a471e5000be04a03,SG4d971d0c-bc14-4b4f-9c9d-97aa617748d4,SG,6185ec7db6c345f0bfe6350e
GENERAL_INVESTING,SG59929e65a471e5000be04a03,SG4f789a2c-d789-4b60-b8cf-556a53a93806,SG,6185ed29e5f306bca4c400fa
GENERAL_INVESTING,SG598f9bc75afffc0009f2df67,SG527f67f0-902b-4a96-9590-711cc11ba394,SG,599033365afffc0009f2e017
GENERAL_INVESTING,SG59903560a471e5000be047ca,SG25b93886-05e9-4e67-ab7b-25de949ee736,SG,59903683a471e5000be047cf
RETIREMENT,SG599048ada471e5000be047e3,SG431a7b7a-0680-4634-8642-9e33af522b22,SG,59904a245afffc0009f2e050
RETIREMENT,SG59905450a471e5000be04805,SG00453141-7a68-4831-83e9-ad7926bd4681,SG,599054e75afffc0009f2e06e
BUY_A_HOME,SG59906e6d5afffc0009f2e092,SGc415ce06-b700-4777-9b80-9d9e11419904,SG,5990702da471e5000be0481d
GENERAL_INVESTING,SG5990ce155afffc0009f2e0cf,SG255acef3-664f-4417-802e-40f8d56e2f15,SG,5990cf5f5afffc0009f2e0d3
GENERAL_INVESTING,SG5990f94ba471e5000be04836,SG1ab526f4-5d2f-4bdf-9723-50f2e95590d3,SG,5990f9bd5afffc0009f2e0d8
CHILD_EDUCATION,SG5991254b5afffc0009f2e0f2,SG45878ea1-b5e3-4136-852f-51f829bfaf38,SG,59912599a471e5000be0487f
RETIREMENT,SG59912947a471e5000be04884,SG6ab1a342-c29a-4010-a797-d5ef014570ce,SG,599129e05afffc0009f2e0f7
GENERAL_INVESTING,SG59912f945afffc0009f2e105,SGcbca858d-86c5-492b-81e8-055d88d3aef4,SG,59913045a471e5000be0488e
GENERAL_INVESTING,SG59912947a471e5000be04884,SG76ec2081-1967-40ad-8069-4ff456157a7d,SG,599146f35afffc0009f2e13a
RETIREMENT,SG599078795afffc0009f2e0a2,SGdd100de0-f604-4daf-9d13-360f953c6989,SG,59c3be6772c75f000a78830d
RETIREMENT,SG5986b6b9078d11000a1463b4,SG25f07099-6cdb-4387-9a75-192e3554eefd,SG,59c5e224ab0c2f000ad5171e
GENERAL_INVESTING,SG5986b6b9078d11000a1463b4,SG82d24f96-1f3e-4c27-82c5-8737c3ee406b,SG,59c6830698615a000af3c703
RETIREMENT,SG5986b4bd078d11000a1463ae,SG803f7d0e-1d6d-4264-bdd2-f6d94f55387b,SG,59c79f8198615a000af3c95b
WEDDING,SG598699c8078d11000a14635d,SG39570236-e609-4ea4-9114-e1c4f2e7f53b,SG,5a90f1b15455fb000983aab0
GENERAL_INVESTING,SG5986a9ea840fe0000b23452f,SG3e4f8312-5827-409c-90e7-9ee644593261,SG,5b93576ba045c60006e47a78
GENERAL_INVESTING,SG5986b6b9078d11000a1463b4,SGfeb01894-40bf-4b9d-8044-ce0a0b6f4e58,SG,5c08f857efa8520007db058c
GENERAL_INVESTING,SG598699c8078d11000a14635d,SGf0ced463-c891-46f1-84fe-617b815f487b,SG,5b8f4443f52e660007710934
RETIREMENT,SG5986b688840fe0000b234549,SGb6daff55-383b-4d65-b86a-b70b36107501,SG,5c7fe571a19eaa0006fa5da1
GENERAL_INVESTING,SG598f0939a471e5000be0468e,SGf28a70ae-131b-4750-9b83-0ab5e385b2be,SG,5d6cd9d8e4cf3b000707476e
INCOME,SG59912f945afffc0009f2e105,SGfd7b051a-3f6a-4978-a269-29ba944e80d4,SG,5d76e4bab462ab0007432ac3
INCOME,SG59869064078d11000a146339,SGca0372f5-dad6-433b-a318-65318e170e02,SG,5d76e512b462ab0007432b08
INCOME,SG59869008078d11000a146335,SG2cf8b6d3-2cbc-4ddc-ac28-06ce8f50b78d,SG,5d76e55e1f883200076b0de6
INCOME,SG598ee8595afffc0009f2df0b,SGcaeb8935-9d13-4c6f-9123-d84c319b5b31,SG,5d77431ee879810007e2d056
BUY_A_HOME,SG5992f0405afffc0009f2e336,SG873791b8-e402-488d-9aa5-6981abd8c7fe,SG,5d98c1dd2b43d80007969c09
TRAVEL,SG5992f0405afffc0009f2e336,SGc76a7282-945e-480a-9b56-14301c39bb8a,SG,5d98c25d0f9d150007620cf8
GENERAL_INVESTING,SG599014ea5afffc0009f2dffc,SGad7f6fcc-7fbe-4b0b-915c-caa73f527c5f,SG,5dc45e93d5489e00083d50fc
INCOME,SG598ffb66a471e5000be04754,SG2d48d375-45aa-4994-bdad-0c865b69326f,SG,5de515ed68804c00087cbd95
MMF,SG5992ea3ca471e5000be04a7d,SG3bf2f47f-5286-46c8-a882-72d771d9db1a,SG,5e0c21ad60244e00097bccb5
MMF,SG5992ea3ca471e5000be04a7d,SG34b7834f-99a8-49c6-9c57-5623ac6c88b8,SG,5e0c21db05815e000862a6c3
INCOME,SG599122fea471e5000be04873,SGb93de527-ec26-4b09-b936-b95e8980bb81,SG,5e4e0f1aff08630008cb6190
RETIREMENT,SG59913163a471e5000be04893,SG7880bfdd-ca51-4585-9df0-ea598774df86,SG,5e51e5db8d35a4000a7feaf6
INCOME,SG59867137078d11000a1462e2,SG186819a4-7120-4fcf-8cc8-d06e8aa5d3b2,SG,5f13d73c0d280a0009cf3895
EMERGENCY_FUND,SG59867b37078d11000a1462fb,SG54c2030c-f004-4804-bbe9-32eb3ea65f14,SG,5f3a9303c1c5d00009e6f410
GENERAL_INVESTING,SG59929988a471e5000be049ef,SG7a029a31-c419-4289-a6a8-1d146dfe4f9d,SG,5f7c312e9c994e00099d461e
MMF,SG59912947a471e5000be04884,SG61538c03-1ee7-4460-a7ec-d2cd26162fbe,SG,5fc62e2fb907fe3be37c3989
RETIREMENT,SG599014ea5afffc0009f2dffc,SGbd3f6532-5c83-451e-83ff-818f56c43e55,SG,5fe9de9831aa1d5057778462
INCOME,SG598f9bc75afffc0009f2df67,SG1db9b96a-e759-4972-9cb4-79a39a435e04,SG,606d18b1058cde68dbcbd570
GENERAL_INVESTING,SG5986a51d840fe0000b234525,SG83c84a06-e7b6-40ca-b76c-545a048c18e8,SG,60b39beb54a77a305debe58b
GENERAL_INVESTING,SG5992c4645afffc0009f2e2de,SG24ef1469-20c9-403b-8e5d-e8ff9a579743,SG,60f60f1be14112fca42ce6d6
MMF,SG5992c4645afffc0009f2e2de,SG2b9ea4e5-a274-484a-b5dc-2e1f251be40b,SG,60f60f49e2cbb0757ec55419
RETIREMENT,SG5992c4645afffc0009f2e2de,SG1cc8b739-9390-4bbf-9469-b59990f91bf8,SG,60f611727f9138082195704a
INCOME,SG59929e65a471e5000be04a03,SGc1597e19-d6d3-4aed-8ffd-9e4fc9f02561,SG,6115c11881400251c450e7e4
THEME_TECH,SG598f9bc75afffc0009f2df67,SG95630aee-cbf6-4804-bd15-77225edb907e,SG,61727a8396891d34d53991e2
THEME_TECH,SG59869064078d11000a146339,SGa66d9e4e-f7bf-4d65-927a-7c0651a1c4a5,SG,61814d5dbe641ccb0dbd4a49
BUY_A_HOME,SG59906e6d5afffc0009f2e092,SGff0df3b7-8b6b-4fd4-9313-1e34d3db4a51,SG,5e7d6b182a3399000960d3c8
GENERAL_INVESTING,SG5986a9ea840fe0000b23452f,SG1e5b0be7-5673-4822-ba16-b3dd3bfdb612,SG,5e841add688959000af81135
BUY_A_HOME,SG5992f0405afffc0009f2e336,SG81d354eb-3785-4c5f-9a93-5f0fdde16044,SG,5eba649d239b35000b40a540
GENERAL_INVESTING,SG599014ea5afffc0009f2dffc,SGf17089cb-77c6-4758-aab6-e4d100d1573a,SG,5ed873cf027148000a3a0bfa
INCOME,SG5986addf078d11000a14639f,SG72a54822-f8ac-4fb0-aa36-2af1e60fa72d,SG,5eee594c64a195000ab96b43
MMF,SG5986d8e8078d11000a1463ea,SG53533370-ecd9-40d5-89a2-c03165ed16df,SG,5f086b71a5a22f000b289865
GENERAL_INVESTING,SG5986a51d840fe0000b234525,SGb2b9c4a0-a00f-44e0-a7d6-da06edd83f77,SG,5f39d0c7004a520009870b2c
RETIREMENT,SG5990f94ba471e5000be04836,SGa8f5837e-30fe-4e22-987e-4f6e2109bea3,SG,5f69fec12d571600091167e5
INCOME,SG59912947a471e5000be04884,SG50223b94-86eb-40ae-8f5b-aacd106c84fb,SG,600e6f5ff07c75e0553ceb7c
GENERAL_INVESTING,SG5986b688840fe0000b234549,SG785be1bc-d64e-41a8-b05c-8ba7c7f559e5,SG,6055d4240de6407840465e2a
GENERAL_INVESTING,SG5986addf078d11000a14639f,SG6a4902c9-b26b-4e3f-b71b-4a5ae320eac0,SG,6093fb8533a47d0212ce89d1
INCOME,SG598f9bc75afffc0009f2df67,SG25a0ec8a-2239-4159-a18f-cfb117e2dc88,SG,60aba9f4dcf26e7701d15027
GENERAL_INVESTING,SG598699c8078d11000a14635d,SGe7a22546-f0e2-4b9d-ba81-9ea54c2cf4eb,SG,60bc4462bbae313f79d3ae88
THEME_TECH,SG598fb998a471e5000be046e5,SG9967e12f-a912-4739-9119-6bd61f6521ac,SG,616a91939f62016f2462e55d
BUY_A_HOME,SG598f9bc75afffc0009f2df67,SG9225f03b-66c4-48a3-b9ce-91799727a8fe,SG,5995597dbc0d7c000a2c23c3
BUY_A_HOME,SG598f9bc75afffc0009f2df67,SG56012b9c-e769-41f1-92db-fef62cc565ed,SG,59957d1abc0d7c000a2c23f6
RETIREMENT,SG59905450a471e5000be04805,SG02f95ddf-d992-4928-9e60-f5137b259c44,SG,599603f3bc0d7c000a2c2486
BUY_A_HOME,SG598f9bc75afffc0009f2df67,SG29573d73-2333-476f-b0c9-fc04d490f877,SG,599ae68c50c1a6000a4c18b8
GENERAL_INVESTING,SG59867137078d11000a1462e2,SGab19a879-6245-4b59-8aaa-d52c18acba03,SG,59a0d12c455fb8000a49fd83
RETIREMENT,SG5986d8e8078d11000a1463ea,SGb7218af5-6eb4-43cd-afdb-4132ea055048,SG,59aec667b345b3000adb3af1
GENERAL_INVESTING,SG5992777fa471e5000be049c9,SGe11dfaef-b57a-4b54-8f8b-a315a1f40c74,SG,59d3395754dd8d000b82de05
RETIREMENT,SG598699c8078d11000a14635d,SG2a853c71-5027-4013-98e0-cf13c5f6f35c,SG,5a4f7f64eb15a9000ad7bbf5
START_BUSINESS,SG598699c8078d11000a14635d,SG693a7d94-770a-42c3-be41-35d7a7510312,SG,5a4f80685f1d49000ca33332
TRAVEL,SG59866fb8840fe0000b234493,SGa0841779-ee57-4efd-bc93-ba21e1f74e67,SG,5a5976aef3ca18000af73e86
GENERAL_INVESTING,SG5986d8e8078d11000a1463ea,SG8087c995-05e6-49d9-9aef-68b851c5bf14,SG,5b4f37f4f007d40008f976c2
BUY_A_HOME,SG599042f55afffc0009f2e034,SG17fba671-4f3c-44e7-ace2-724086f03019,SG,5bff7728224d2d0007df9788
RETIREMENT,SG599042f55afffc0009f2e034,SGf0837f0c-e4fc-4372-9487-32de02ecd4f2,SG,5bff774d224d2d0007df9793
GENERAL_INVESTING,SG59906e6d5afffc0009f2e092,SG3cc16655-be9a-4d34-af9a-3d8a5ad3c1c6,SG,5c0a629aefa8520007db0c8d
GENERAL_INVESTING,SG59906e6d5afffc0009f2e092,SG6ab96f02-6ee3-4f9d-81f6-63540f6ee1bd,SG,5c0a6305efa8520007db0c94
GENERAL_INVESTING,SG598f0939a471e5000be0468e,SGc7df2c45-c8c9-417c-949b-5c08ff844057,SG,5cb328b97597b4000743a0d9
GENERAL_INVESTING,SG59929e65a471e5000be04a03,SG98c592ae-f69e-4681-8ccf-4b525e5542c2,SG,5d0c27efd2a4520007744e86
GENERAL_INVESTING,SG599014ea5afffc0009f2dffc,SG09940315-abd7-4ae2-b7d6-b9cb37c3357a,SG,5d77c320a4f0540007311835
GENERAL_INVESTING,SG599014ea5afffc0009f2dffc,SG8ff1a398-6d11-45e4-9816-d1cfd923924f,SG,5d77c3f2a4f054000731186d
GENERAL_INVESTING,SG599014ea5afffc0009f2dffc,SGabcd857f-852d-4295-874a-f439cdee4588,SG,5d947f197d7de10006fa2a0b
GENERAL_INVESTING,SG599014ea5afffc0009f2dffc,SG0dead41a-b7b8-4e19-94ed-11cb6615eccb,SG,5db7040a91b8080008252dec
GENERAL_INVESTING,SG599014ea5afffc0009f2dffc,SGfd1eda37-65f1-41d4-b383-beecb5373a71,SG,5db70454ed097d0008762508
INCOME,SG599015805afffc0009f2e001,SGdd2067ae-526f-4a80-b87a-53246938c805,SG,5dd23b272c0ee400070d90df
MMF,SG5986a3f4078d11000a14637f,SG056f64e6-8969-4d61-9e75-27ba7960d545,SG,5dd7e9babeeaad00085d3f47
MMF,SG59929988a471e5000be049ef,SG9a36cc62-8404-4ce8-90a5-a6fbc56f4cfd,SG,5dd9093812071300096de434
MMF,SG59929e65a471e5000be04a03,SG2e056da7-8a90-4847-ae26-aafec6557531,SG,5dd9690d5cbc0100098bf5e5
INCOME,SG5992c4b15afffc0009f2e2e3,SG2168afd7-57bc-47c8-90b2-174913c0cd3e,SG,5ddc63f514996a0008b51175
INCOME,SG5992c4b15afffc0009f2e2e3,SGef121688-d7c0-4319-ae8a-0d758633c45f,SG,5ddc645083f38000089ba773
INCOME,SG59907b945afffc0009f2e0a6,SGec2f0e0c-7741-4ab3-b4fd-632ea93c4d55,SG,5df29336f73d4900080cee6a
MMF,SG5990f94ba471e5000be04836,SG3f41bb2f-e8cd-4252-84fa-a46cdc6b1dd8,SG,5e0dc0881e421f0008cbdc90
INCOME,SG599122fea471e5000be04873,SG5707cd8c-e8a8-4889-8719-d99bcc5e6ee5,SG,5e3132665bd115000a97eaa8
GENERAL_INVESTING,SG5992c4b15afffc0009f2e2e3,SG9b0b7e90-f7c8-4b24-b855-46420b68b408,SG,5e4004848f0c440009d0097e
INCOME,SG59906e6d5afffc0009f2e092,SGe79d561c-131a-4986-9dc3-cad072d2f5eb,SG,5e4578d861d3f300098a0de1
MMF,SG599014ea5afffc0009f2dffc,SG0856f96a-31d0-4608-a4c3-bac686501972,SG,5e67dbed0feccd0009ed53b2
GENERAL_INVESTING,SG598699c8078d11000a14635d,SGacd2da51-587c-46c0-bc3a-0ed8018b1dcc,SG,5e68830f1feb9c00097664e6
GENERAL_INVESTING,SG59906e6d5afffc0009f2e092,SGd12b4704-9d74-4c1f-bb81-d896d2c480dc,SG,5e8dbe04473fec0009e4db66
GENERAL_INVESTING,SG5986addf078d11000a14639f,SGd05b4f97-78fb-4fd6-a568-371886eb8ae6,SG,5f2bad12901335000a03eeb8
INCOME,SG5986d8e8078d11000a1463ea,SG00fbc658-2132-40b7-b039-0ec664f59054,SG,5f4235a390b117000a322395
GENERAL_INVESTING,SG5986addf078d11000a14639f,SG72991317-d8e2-4720-8d9e-88d446eae203,SG,5f4a0a915a3314000905b29f
EMERGENCY_FUND,SG59867b37078d11000a1462fb,SG343ca29a-957f-47a4-8322-ada2c8e71f54,SG,5fcc6b2a9e899a7dc99dd4c6
RETIREMENT,SG598f0939a471e5000be0468e,SGb83faf0e-bc71-4833-ab14-69ffdc4fb7a4,SG,5c073ffd3832850007e65daa
GENERAL_INVESTING,SG598f0939a471e5000be0468e,SG8c6599ba-e8fe-4ec5-be59-945e81855bdd,SG,5c075c5e557aaa0007a77296
EMERGENCY_FUND,SG598f0939a471e5000be0468e,SG66920222-eead-41e4-9faa-cdd637fdfbd6,SG,5c075cc5557aaa0007a772b5
TRAVEL,SG5992f0405afffc0009f2e336,SGea8e7b67-1050-465a-9949-5d93219d9091,SG,5c22ea616f3cc80007e84acf
GENERAL_INVESTING,SG5992a8c65afffc0009f2e2c9,SGc7d14604-78cc-40af-9ae5-2a46727a8026,SG,5c729f770de28d00074a5203
GENERAL_INVESTING,SG599014ea5afffc0009f2dffc,SG566b04a8-59d2-4808-9f83-05ae6d7bee8e,SG,5ca5f52f23a9880007ac2e29
BUY_A_HOME,SG599042f55afffc0009f2e034,SG9c2264a8-52cc-4e83-874a-b12ede9555bd,SG,5ccb22a3cb0e9f00079033cd
INCOME,SG5986d8e8078d11000a1463ea,SGafa89643-9e91-4f00-ba87-287dcf08cb72,SG,5d779ad40cb0690007449bb5
INCOME,SG5986b688840fe0000b234549,SG2b27b59a-8f4f-49a8-a8e9-8b8cf3a89089,SG,5d8c9ea6c511dd00074133bc
INCOME,SG599014ea5afffc0009f2dffc,SG48491d3e-9851-4a5b-868b-1d12b501f660,SG,5d94e0484b6c780007f1ebca
INCOME,SG599014ea5afffc0009f2dffc,SG4b797754-8c01-45ef-987a-c24dbe91bd92,SG,5da73f419f771200083005b6
MMF,SG59929988a471e5000be049ef,SGc07c768b-3dc9-4815-ba6a-eccfacf80867,SG,5dd1fe79fee3a10008575f67
MMF,SG5986d8e8078d11000a1463ea,SG04435858-76cb-4b5b-b9fc-91cba78bf9e5,SG,5dd5e4b0eb078a00090ed7bb
BUY_A_HOME,SG599042f55afffc0009f2e034,SG5b3f5c78-b882-4d4c-b127-6c41ebde239d,SG,5dea76511e797f0008acc3ef
GENERAL_INVESTING,SG599014ea5afffc0009f2dffc,SGa94c8b1a-fa1d-4119-998a-da77f8590d9d,SG,5debda03a4921100086421b7
GENERAL_INVESTING,SG599014ea5afffc0009f2dffc,SG18f2926f-84d0-4854-b831-4bc3b73e3bf8,SG,5e20319937bdfd00088a5770
MMF,SG598f9bc75afffc0009f2df67,SG0e8bdbc6-cc15-4745-a7d6-b8d8aaf96492,SG,5e3c16f46dd0000008603089
GENERAL_INVESTING,SG599275e2a471e5000be049bd,SGfff3d789-78ce-4cbf-a062-b1fce8109c9f,SG,5e4018ee7c615f00090ec6e8
GENERAL_INVESTING,SG599275e2a471e5000be049bd,SG4ca80e72-72c7-4459-9855-551dd25cb72e,SG,5e4019bd51e1e20009938f20
GENERAL_INVESTING,SG599014ea5afffc0009f2dffc,SG91767978-2a99-4078-afa1-822482dd495b,SG,5e8be3599c354b00095ad21b
GENERAL_INVESTING,SG5986a51d840fe0000b234525,SGdb70891d-45e6-4082-9e2b-07727575b780,SG,5e914c1f343ad100098999a1
MMF,SG599015805afffc0009f2e001,SG3b1d5ef8-0d7e-4d2c-853c-f1e3f931990f,SG,5e96b8273dc7520009fd5d50
INCOME,SG5986addf078d11000a14639f,SG30a97a6f-bfc3-4bcf-9bdf-d53c89c2b688,SG,5ebf98e297ebab000a0b5be3
MMF,SG59929e65a471e5000be04a03,SG2d5a6ce0-d0cb-44f0-9192-989f50dafda3,SG,5ebf9ed8349cb100097a0b43
EMERGENCY_FUND,SG59912f945afffc0009f2e105,SG9c04a2ef-2ec5-449b-befe-0fb47a9727e3,SG,5ece33a3c8d287000a682dcf
MMF,SG5986a51d840fe0000b234525,SG07ef2a65-6267-472e-8ddf-a6e20cc18115,SG,5f44d982f64bc8000a9e5e4f
GENERAL_INVESTING,SG59913536a471e5000be0489b,SG646faa49-5cd4-4202-9926-eb64b0403ba3,SG,5f884a5dcfeff4000aa44c08
INCOME,SG5990f94ba471e5000be04836,SG13068dc8-f074-42f8-a63f-1edc17c03fb3,SG,5fb45fb687d7bc5bf57e7928
INCOME,SG59929e65a471e5000be04a03,SG594bbfd5-eda3-4bd6-92d6-c10ee650c93b,SG,5f9e3eb0d89a5c8ef24bb85d
GENERAL_INVESTING,SG59929e65a471e5000be04a03,SGab72d338-4626-4e0f-af5e-3f2c0d80e0f2,SG,5f9e3f5fe8dfb9202229f7ac
BUY_A_HOME,SG599275e2a471e5000be049bd,SG3def45a7-bee6-4e59-bdcc-385c19b8e496,SG,5fa12eb678c2bf648b3a2922
GENERAL_INVESTING,SG5986b688840fe0000b234549,SGaa986780-90ed-4814-941c-8346c2d0ae9e,SG,6069d78a4d38fa72ead219ee
GENERAL_INVESTING,SG598699c8078d11000a14635d,SG9b22ebbb-154e-492e-899c-2317441d053b,SG,60b6b93bf9269c98c6716cb4
INCOME,SG599014ea5afffc0009f2dffc,SGb891e651-f200-47f7-8981-2e0af077b67e,SG,60ef5b70b04ed34456a2b75f
THEME_HEALTHCARE,SG59912947a471e5000be04884,SG1092682d-b92c-493b-a531-ae2811294b66,SG,6151d4c5cf6a5215dd4dbe13
RETIREMENT,SG599066e0a471e5000be04817,SGcdd42814-5608-453d-82ee-a621ef637de1,SG,6196b7d08d638602cae8de3e
INCOME,SG599066e0a471e5000be04817,SG2160233c-9644-45ae-bd67-a134c3bf748d,SG,6196b842a84587082d180b39
GENERAL_INVESTING,SG599066e0a471e5000be04817,SGd45c9712-c716-4f52-b6c2-89bb1eebc5b5,SG,6196b8ecce461601024c465c
GENERAL_INVESTING,SG599066e0a471e5000be04817,SG3010e878-f86c-4c68-84eb-80cb7f5b613b,SG,6196b9258d638602cae8df4f
GENERAL_INVESTING,SG59867137078d11000a1462e2,SG1d64fe22-9062-4c05-985f-7b8e4e51a735,SG,598671db078d11000a1462e8
GENERAL_INVESTING,SG59867b37078d11000a1462fb,SG1d2ce263-b303-4add-a4f7-1ff7e4e235c0,SG,598804cf840fe0000b23471a
GENERAL_INVESTING,SG5986b486078d11000a1463aa,SG196b2aca-96cf-43b2-a3e3-1b87106c6fab,SG,598863ea840fe0000b2347d6
BUY_A_HOME,SG598f9bc75afffc0009f2df67,SG6acb577c-748f-4f60-8ceb-69f9bcf61f1a,SG,599ae50fcca261000adc875e
GENERAL_INVESTING,SG59867b37078d11000a1462fb,SGe09cbffa-a85f-4eba-a63d-274fea7d72a2,SG,599f09286d4c56000aed3aab
BUY_A_HOME,SG598f9bc75afffc0009f2df67,SGc62086b7-2bd0-473b-8ba2-771e0977ee90,SG,59fe59936db848000a5d537a
GENERAL_INVESTING,SG599014ea5afffc0009f2dffc,SG7f29aa8b-5551-4bfd-b1a2-8d91a227b2a5,SG,5a6750b20cd4a4000978acf7
VEHICLE,SG598699c8078d11000a14635d,SG18ec59ec-691a-4e12-b048-0c0c073d7f18,SG,5a87980d389984000bba6b39
GENERAL_INVESTING,SG599042f55afffc0009f2e034,SG6c35f6b9-f06b-4705-abd3-3b7eb5394ba5,SG,5b8285118ded7c00072f0796
GENERAL_INVESTING,SG59869008078d11000a146335,SG4c479858-92c7-48db-9f67-b3605bb12f16,SG,5b86089b258ff60007497817
RETIREMENT,SG59869008078d11000a146335,SGb9837eaa-cc52-479d-acf2-3921c7402149,SG,5b86099c258ff6000749783e
GENERAL_INVESTING,SG59869008078d11000a146335,SGd09a8e96-05dc-4acf-92b1-81f67c9fff00,SG,5b8609f6258ff6000749784b
RETIREMENT,SG5992c4b15afffc0009f2e2e3,SG3938c421-603d-4e47-8808-99c2184627bd,SG,5c348b291cb87e00078e60b9
GENERAL_INVESTING,SG5992c4b15afffc0009f2e2e3,SG729c0cc9-3802-4298-a187-5d86e1b69fd1,SG,5c348c216f3cc80007e8afae
GENERAL_INVESTING,SG599275e2a471e5000be049bd,SGac871f81-3305-470b-9dec-be8749819241,SG,5cc80e1e80b7610007f005c6
BUY_A_HOME,SG599042f55afffc0009f2e034,SGf7b5131b-2fcf-4e1e-bb95-5e8f8151fbfb,SG,5ccb221bcb0e9f00079033bc
CHILD_EDUCATION,SG59867b37078d11000a1462fb,SGb91b68c1-19c3-473f-be58-49a12550985a,SG,5fe6bfe74360819ce482b768
GENERAL_INVESTING,SG59867b37078d11000a1462fb,SG9d993e15-eef8-4093-b18c-92dbb52d85df,SG,5fe945052373776920948b8b
INCOME,SG59867b37078d11000a1462fb,SG38674128-a51b-4dee-ac02-be54943d99e6,SG,609ddf41e6479e5a9f547535
RETIREMENT,SG59867b37078d11000a1462fb,SGd5d66fa9-43dd-46ac-9ad8-fb1033ffff09,SG,609ddfaaac7e9b0c812e70ec
GENERAL_INVESTING,SG599051735afffc0009f2e05b,SG96555cd0-9db4-4b1e-a61e-78da2bae2fd0,SG,609deb33d5a08b2c74233a99
GENERAL_INVESTING,SG599051735afffc0009f2e05b,SG6a6afe67-ad82-4c8f-8faa-9be04cadfd36,SG,609def09fd103db709df35dc
INCOME,SG598f9bc75afffc0009f2df67,SG71ea25dd-ae13-420a-b76e-be6b7cc44295,SG,60abaa05a261f98695a098e3
THEME_CONSUMER,SG59869064078d11000a146339,SGfeb0eb04-8340-4f9f-8ff8-5984b8b15f7a,SG,61662adbe77f314f99d3db1d
THEME_TECH,SG5986a3f4078d11000a14637f,SG29ec81b8-6489-4c6b-9050-71c7087efecc,SG,616c1738b1cb127bff9b988c
THEME_HEALTHCARE,SG598f9bc75afffc0009f2df67,SG92bab674-8fa0-4924-b413-d61bfbcf4214,SG,617cac92b9b8b21031ee8072
TRAVEL,SG59912f945afffc0009f2e105,SG221be94e-e49e-412a-98f4-09acc72ea560,SG,59f89b5d600a58000a9268a8
GENERAL_INVESTING,SG59905fcc5afffc0009f2e074,SG0e3273e9-80a9-4f26-a701-c4895257dd78,SG,5a5b3f36f3ca18000af74b3c
GENERAL_INVESTING,SG599014ea5afffc0009f2dffc,SGdff0a25e-94cc-455b-a8d6-4bff02000242,SG,5a5e1e7939e666000afe129f
TRAVEL,SG5986a3f4078d11000a14637f,SG51ce45ec-8f6e-41d0-9372-24c52e75f1eb,SG,5a5ef9cd38ad34000ac72019
TRAVEL,SG598699c8078d11000a14635d,SG2b9dc495-37ac-4313-9715-46984c835cde,SG,5a5f4c1a39e666000afe1937
GENERAL_INVESTING,SG598699c8078d11000a14635d,SG39e79512-9c23-451f-93ff-f170fae0deb1,SG,5a917885985757000a576b94
GENERAL_INVESTING,SG598699c8078d11000a14635d,SG11e85fc9-04a4-432a-87e5-6327fab71854,SG,5a9178d55455fb000983af15
GENERAL_INVESTING,SG598699c8078d11000a14635d,SGb60af112-bcbb-4437-845d-e3e6ae8d87b1,SG,5a91791d985757000a576bb6
RETIREMENT,SG598699c8078d11000a14635d,SG98243902-37ee-41cf-ba04-20842f247fa3,SG,5ab6ecbbad8e60000b0bcb25
GENERAL_INVESTING,SG5992ea42a471e5000be04a81,SG2f72299b-a1ab-4a22-af16-2c598efcf8e1,SG,5bb8e6b68198ec0007eba584
GENERAL_INVESTING,SG598f0939a471e5000be0468e,SG41ae47e7-fba1-4d3f-bb8d-8ad73121d7ab,SG,5c696321d58ed90007e5874a
GENERAL_INVESTING,SG59929988a471e5000be049ef,SGdb7f37d0-5eaf-4135-82cc-f9d74701a9be,SG,5d0b6fc0df865200079a10d3
GENERAL_INVESTING,SG598ef345a471e5000be0467f,SGb7cd4fba-6f12-41ce-bfc5-8d522fdd2103,SG,5d63c36c802ab20007966832
INCOME,SG598699c8078d11000a14635d,SGcd05e90c-9099-4df7-8f05-56069e430f64,SG,5d76f56ad5cec2000671f9ad
TRAVEL,SG59867b37078d11000a1462fb,SG309ce2cb-a925-4b29-9136-89d2715f2e7a,SG,5d76fda31f883200076b1abd
INCOME,SG599014ea5afffc0009f2dffc,SG734d8b31-4718-4a28-baef-57ea78673381,SG,5d7701ea1f883200076b1d5d
GENERAL_INVESTING,SG599014ea5afffc0009f2dffc,SG08a500fa-65a4-407d-a901-a5225ab1009b,SG,5d770282d5cec20006720120
GENERAL_INVESTING,SG599066e0a471e5000be04817,SG4ea53fb1-66e8-4bc1-8bd8-ed8924707882,SG,618b62168e1e140db0d083f3
VEHICLE,SG598f9bc75afffc0009f2df67,SG90e6f96d-509b-417c-9a5c-accbbeefb1f6,SG,59e7eb7dbaff83000a8cc268
TRAVEL,SG5992edb75afffc0009f2e325,SG9c2b07da-c5c5-47a8-ba96-ad2e314dad0a,SG,5b016a2630141e0009f74336
GENERAL_INVESTING,SG598f0939a471e5000be0468e,SG8d825a94-f67d-49f2-a0f6-3bba41aff46f,SG,5c2eb95c1cb87e00078e3fa2
GENERAL_INVESTING,SG598f0939a471e5000be0468e,SG4e9fb538-d585-41b7-9cf5-8be7e8085ef2,SG,5c2eb9a41cb87e00078e3fb3
BUY_A_HOME,SG5992edb75afffc0009f2e325,SGe98b61aa-0f45-417c-acf4-ab639b57ecef,SG,5cd91d7feebd61000721783c
GENERAL_INVESTING,SG599014ea5afffc0009f2dffc,SG2f44d618-807f-4b31-af94-7defbdceebd9,SG,5d1226f6af8b6f000785ed24
INCOME,SG59867b37078d11000a1462fb,SG84d43bbe-d664-4c87-9ac7-1aa4fa92a931,SG,5d76fde61f883200076b1af9
INCOME,SG5986d8e8078d11000a1463ea,SG3000b67e-3895-4fa8-b858-d42cdb602851,SG,5d7794819b3bc20007e5426e
INCOME,SG5992f0405afffc0009f2e336,SG21177fde-03f3-4011-989e-f8d8ced0d47d,SG,5dd47aab19ecce00079ce9b1
INCOME,SG5992c4b15afffc0009f2e2e3,SG317f0464-0b16-4725-9c07-1ca9a596ad03,SG,5de7a76ac80ab500084e8c23
INCOME,SG5992c4b15afffc0009f2e2e3,SGfe2b0ef9-30b7-4748-b942-4f8602c18d7f,SG,5de7a90c2a8d1000088c7457
INCOME,SG598699c8078d11000a14635d,SG19aec8b3-6325-44d1-ad6b-31e82ce8de97,SG,5de8734ec80ab500084e9145
INCOME,SG599122fea471e5000be04873,SG815180fa-d1a0-4e44-bf45-4e4294acea8e,SG,5e4e12d1af6c3400097e0db6
GENERAL_INVESTING,SG59912f945afffc0009f2e105,SG5baf4a45-5a27-4395-bd7f-c8e592b7e242,SG,5e5a0c6a7275e9000911bf60
CHILD_EDUCATION,SG598699c8078d11000a14635d,SG65bbd71d-7cc6-4459-9003-860ab7ab045c,SG,5e82a36eac25df00091624d9
MMF,SG5992c4b15afffc0009f2e2e3,SGf69f3baa-bb6e-4025-9f77-6bbfc0e60ff8,SG,5ec73b0b0b68800009e529bf
INCOME,SG59905fcc5afffc0009f2e074,SG3591c399-3898-404e-97e6-5333ef5804a3,SG,5ed1eb4b3019e200094d06e9
RETIREMENT,SG59867b37078d11000a1462fb,SG972a6f93-75db-452a-b014-1a27d866ab86,SG,5f2f8596f70e440009b75b79
INCOME,SG59867b37078d11000a1462fb,SGaaf6a242-580d-4656-9c96-1387995b75de,SG,5f2f85dd9be756000976cd07
MMF,SG59867b37078d11000a1462fb,SG266c85a1-a620-4ef5-b510-811ab36a11ea,SG,5f2f862041265e0009872104
GENERAL_INVESTING,SG599014ea5afffc0009f2dffc,SG9eb0630d-3005-48d7-b073-f716b029cad6,SG,5f3bf10626d9d90009f68c60
INCOME,SG59867b37078d11000a1462fb,SG0fc816f7-23a6-4f66-b800-d19dc871178d,SG,5f5c479646e3550009b3575c
GENERAL_INVESTING,SG59929e65a471e5000be04a03,SGb1e9cd1e-ab92-4b0c-a03a-160d0ba7d35d,SG,5f9d08b90655d3925bccb52a
RETIREMENT,SG59867b37078d11000a1462fb,SGc138c05a-dbe0-4bab-9396-113008251fdf,SG,5fae76ad87c6a3dca97e9e43
RETIREMENT,SG59867b37078d11000a1462fb,SG5fe77553-444b-46bf-94ab-c097fc4d8532,SG,5fcc69ba20f164eb8ae98dfd
WEDDING,SG599275e2a471e5000be049bd,SG49ff5f27-fa87-4dd8-b4c1-4f5ed9a9dcc8,SG,5fcdb544beb1b2a53016266d
WEDDING,SG599275e2a471e5000be049bd,SG356c4747-13b3-4f99-923a-4074736d7aba,SG,5fcdb5c87c34f25a6a4eb695
GENERAL_INVESTING,SG59867b37078d11000a1462fb,SGecf08235-8434-4280-b645-ba4373b996cc,SG,5fe54a1bf9a2030f999d75e7
GENERAL_INVESTING,SG598ee8595afffc0009f2df0b,SG6831c83b-4729-44e6-a70d-e22f32fc0cf1,SG,604dab68df71e31531ffeb9e
THEME_TECH,SG599275e2a471e5000be049bd,SGd7123fa3-38de-4275-af8c-621b875c0707,SG,617103b30048daa9fe0350de
THEME_CONSUMER,SG599275e2a471e5000be049bd,SGdbd4b73c-84b2-4d94-86a0-c7b1d05992b2,SG,617103ebae5102f9ea01ef71
THEME_HEALTHCARE,SG599275e2a471e5000be049bd,SG651c75ad-8a69-425e-a869-a0b3a3351833,SG,61710408ee46cd6b6c164b61
CHILD_EDUCATION,SG59900f70a471e5000be0478f,SG5ec01c23-dc87-481d-a339-3feddc33e457,SG,61891c0d4d13088c538d7028
CHILD_EDUCATION,SG59900f70a471e5000be0478f,SG3d0cde7c-fff7-4633-9a72-4048dc856595,SG,61891c88e5f306bca4cb7e34
INCOME,SG599015805afffc0009f2e001,SG8fde0d8c-7c9a-4abf-82bb-1ead0b874645,SG,5d78e094a4cf380007915f25
INCOME,SG599275e2a471e5000be049bd,SGcbe21aa5-31f6-4cfa-bb7d-8644ea151a39,SG,5d9dfdd020a7b8000633521d
INCOME,SG5986a51d840fe0000b234525,SG9e1b281e-8bc8-44d0-82f0-71eac541aa99,SG,5da59c4bd6a3e20008179da7
RETIREMENT,SG59900f70a471e5000be0478f,SG96ef5658-02e5-4247-93ce-85eaba85409a,SG,5e0601e178b24300086d75c9
RETIREMENT,SG59900f70a471e5000be0478f,SGd7769e2e-f2c2-4f4a-992d-3f443f4a6952,SG,5e0602413bf519000873a1f0
INCOME,SG59900f70a471e5000be0478f,SGf329ad97-bc6a-4cce-90f7-3c226daa43c5,SG,5e0622b37637390009ff9b9d
INCOME,SG59869008078d11000a146335,SG85d8536a-777a-4a9d-9245-147c066a0d4e,SG,5e26d197c8aed70007ef56ed
INCOME,SG59912f945afffc0009f2e105,SG65ff3b88-f460-479a-b55c-c27521ce636e,SG,5e26d7f6ae4c9e0009f14218
MMF,SG59905fcc5afffc0009f2e074,SG52e1662e-e23c-4937-8d95-e3c77cdcb6c5,SG,5e720cdef525b1000a770169
INCOME,SG5986addf078d11000a14639f,SG28b372b5-334f-4e61-9ae9-321dbd48642a,SG,5ebe64bfe33ba800097622f8
INCOME,SG598699c8078d11000a14635d,SG6a93ad60-52e2-4f9e-9414-d85b0fa4120b,SG,5eeec05c8587ef0009c1383b
INCOME,SG598f1bb55afffc0009f2df35,SGb96fc390-ca7e-44bd-bf70-b01a9f28fdc2,SG,5ef1fd03b2611200097ddb32
INCOME,SG598f1bb55afffc0009f2df35,SGb8f43152-53af-4881-8913-336e1a2f4d81,SG,5ef211a2fa5e8000092b2c10
GENERAL_INVESTING,SG599299745afffc0009f2e290,SG3e3ba2ea-0f60-4e74-88bb-a3a4702efcb2,SG,5f9e64a4de0c0e4373b7c467
RETIREMENT,SG59867b37078d11000a1462fb,SG5ed68333-6579-4c2e-8bed-ae291b71f501,SG,5fe9461c6768ff352e0c11c1
GENERAL_INVESTING,SG5992a8c65afffc0009f2e2c9,SG8efa3dea-75ea-4f95-a19e-f0252020d95d,SG,602a491602a8d555308232c3
RETIREMENT,SG599122fea471e5000be04873,SG555ff1d7-802e-4684-adf2-caea911a0194,SG,60388c0a3fa66645ab4dba74
INCOME,SG5986d8e8078d11000a1463ea,SGd5ca05af-e2be-41d4-bc33-e9bd0edd04b8,SG,6071144ecea005e739aa557c
VEHICLE,SG598f9bc75afffc0009f2df67,SG8807fa60-154e-45da-b79a-c334bc1dab20,SG,60e95fe7e76f2cdd6dd89ac8
GENERAL_INVESTING,SG5992c4645afffc0009f2e2de,SGb802d060-ae1a-46c2-aefb-4004d5de7148,SG,60ea2d62e6021e3c19550d71
MMF,SG5992f0195afffc0009f2e332,SGdc2bfda8-3c80-48d8-b82f-e3dcb296592b,SG,60ff7ee234e75776c03e2aa4
THEME_TECH,SG59912947a471e5000be04884,SGcf0a589c-d6c3-4876-91c9-c19e17eaba5b,SG,6151d5430609f96dd46e8ce9
GENERAL_INVESTING,SG599066e0a471e5000be04817,SG59f298aa-df9c-4980-9c29-05cb775c6a84,SG,617959cdb9b8b21031e700fd
INCOME,SG59866fb8840fe0000b234493,SGceeed046-6095-4837-9aae-3825154a3ba2,SG,5d77e4a5a4f05400073120cb
INCOME,SG5992c4b15afffc0009f2e2e3,SG9288b631-3e61-424d-81c4-1c62c62319d2,SG,5de7a7ee2a8d1000088c7445
INCOME,SG5992c4b15afffc0009f2e2e3,SG7606b779-918f-42b8-b385-778d29b34863,SG,5de7a8dda797950009b1733f
BUY_A_HOME,SG599042f55afffc0009f2e034,SG7f036ddf-daf1-4fce-bc09-79a28f488523,SG,5dedb56b44ee0000086bc2e0
GENERAL_INVESTING,SG59867137078d11000a1462e2,SG6c2cc262-fde9-4ebc-a213-d5783ec14ddd,SG,5dfe35edc60ace000943093a
RETIREMENT,SG59929988a471e5000be049ef,SGeeaa7b38-1727-42a1-8fc9-39a5d3a7556c,SG,5e1033d11cc17900082a888f
GENERAL_INVESTING,SG59929988a471e5000be049ef,SG26ddd16a-24d3-48bb-b1e1-6e7f3af6833d,SG,5e10381fc4a9890007cd0194
INCOME,SG59869064078d11000a146339,SG143f462d-5667-423e-9291-c7c90649293e,SG,5e140fca6cdcb7000934d514
GENERAL_INVESTING,SG59907b945afffc0009f2e0a6,SG1adf8797-5311-4eda-bea6-5a3c0d617e73,SG,5e31a721a4fd4d00082966e2
INCOME,SG598f0939a471e5000be0468e,SGa0ac9dcc-8d88-49c7-b0aa-fdd1272e9e9b,SG,5ecccd59b297f100098e1234
RETIREMENT,SG598ee8595afffc0009f2df0b,SGea80579c-ae50-40c6-abc3-c160a1568c79,SG,5f2fe3f7354cd30009bff808
INCOME,SG5992c4645afffc0009f2e2de,SG8093f737-6f1b-47ec-8bf9-488a65b1672f,SG,5f37f7bc15b858000a5019f3
GENERAL_INVESTING,SG598fdc83a471e5000be04721,SG820c065f-312a-471e-82d3-8594de915bdc,SG,5fa5d99dead8dd2fc75a981e
GENERAL_INVESTING,SG59867b37078d11000a1462fb,SGe0b8f55f-fbd7-4537-b72d-0e7fdd80ce65,SG,5fb60a5e382c12e171a03321
BUY_A_HOME,SG59912f945afffc0009f2e105,SG131782cc-7a42-4cff-8f03-ffb2a688c289,SG,5fcf75477c34f276be4ec634
RETIREMENT,SG59867b37078d11000a1462fb,SG3d05de5c-cb93-44fa-a1bf-96b6150f94a5,SG,5fe6c254c1cb51624df839ec
GENERAL_INVESTING,SG599122fea471e5000be04873,SG73acc81d-15e5-436e-b0e8-fd95d208693d,SG,609ddeb66b17d4ba67d67ccd
THEME_HEALTHCARE,SG59869064078d11000a146339,SG549ef26a-d961-4b21-ad03-8a3376c70f93,SG,615337b816f80098e3f41617
THEME_TECH,SG5986a3f4078d11000a14637f,SG38321ad9-95f7-4686-9fb4-9922fbebd665,SG,616c191e9f62016f24658538
THEME_HEALTHCARE,SG59867b37078d11000a1462fb,SG62b90623-495e-4627-94d3-6b476403d9c3,SG,6180e4d97bb925d5b7b46247
TRAVEL,SG59867b37078d11000a1462fb,SG01534439-4483-4f0d-bdc9-255cd7d5ae9c,SG,6180e64d6d19c411a894fe1e
THEME_TECH,SG5986d8e8078d11000a1463ea,SGe60cb21a-85d8-4d5e-8295-2a05e05898e4,SG,618a86a6582150d7da9d7a25
THEME_TECH,SG5986a3f4078d11000a14637f,SGf316db79-daac-4820-9ef9-e009f506dd66,SG,6198ed4f7d29d25167d8e610
GENERAL_INVESTING,SG59906006a471e5000be0480b,SG15039060-1529-4218-b871-baeecf39b827,SG,5fd2c44ab0d05fbabcca7604
GENERAL_INVESTING,SG599042f55afffc0009f2e034,SGb3266dbb-d5ee-4abf-8186-5fdc1ba2b70c,SG,5ff2aa8c4704ce33644228c0
GENERAL_INVESTING,SG5986a51d840fe0000b234525,SG3ffdad8f-534f-44e6-988b-3f38fc8cef8f,SG,6091d647198ca00a97ae5ccd
THEME_HEALTHCARE,SG5992c4b15afffc0009f2e2e3,SG7855e301-d646-491c-9950-b41837cd4eff,SG,6177523881acc45d39c11e9e
GENERAL_INVESTING,SG59867b37078d11000a1462fb,SG0fe4e637-66fb-4072-83f2-efd63b3c2a7f,SG,59ad0528b345b3000adb385f
GENERAL_INVESTING,SG598699c8078d11000a14635d,SGd009b4a6-6aee-4e80-9c3f-e6e7f848a26d,SG,5a9177eb985757000a576b82
GENERAL_INVESTING,SG599014ea5afffc0009f2dffc,SG59adc293-226c-4f87-b4a3-1663b770d297,SG,5afb06b303fa6a00093a3bf7
CHILD_EDUCATION,SG598fb998a471e5000be046e5,SGfe4306ce-6757-4f0e-87ec-ab7309e47832,SG,5b0d7d0bf0e79a000a1c6aa4
RETIREMENT,SG59905450a471e5000be04805,SG12c78679-0583-468a-b5e2-ea41f0f84c91,SG,5b556105b8a16d00071d24bd
BUY_A_HOME,SG598ee8595afffc0009f2df0b,SG151e5628-94bd-4bb1-8fd7-86eb00d6bc94,SG,5b7058251227600007a03ffa
BUY_A_HOME,SG598ee8595afffc0009f2df0b,SGd987ea25-26a3-46ee-a0bd-f744b5a4437e,SG,5b7186832734e50006327fe1
BUY_A_HOME,SG598ee8595afffc0009f2df0b,SGfd2c492c-8c9e-4efa-9c23-e345e1ec4ce0,SG,5b71872c2734e50006327fec
RETIREMENT,SG59913163a471e5000be04893,SG5c3bfeab-4560-4b2c-af3b-61060ad51092,SG,5c9728d0380bdd000735df19
GENERAL_INVESTING,SG599014ea5afffc0009f2dffc,SG29f18d60-f939-4108-b1a0-58752f6380f8,SG,5ca5f43348c35e000755619c
GENERAL_INVESTING,SG598699c8078d11000a14635d,SGcd07f2bb-8723-44a3-bd54-3d3e83befc5a,SG,5d29c9749122da00075558bb
TRAVEL,SG598699c8078d11000a14635d,SG37f6295f-d37c-4e33-aaea-0edcafc94a75,SG,5d4388e6849e7b0006e976a2
RETIREMENT,SG598699c8078d11000a14635d,SG1456e862-d518-4045-9af9-7c3e092d1aa2,SG,5d7496110ff0940007ed4e75
GENERAL_INVESTING,SG599042f55afffc0009f2e034,SG63c925d5-b8b5-4bc6-8cea-8ad65daf0212,SG,5d7c99c9c7e82300075c58ab
MMF,SG598f0939a471e5000be0468e,SG95243c2b-c0b2-4f2b-a077-e46c1c37cace,SG,5dd224a42c0ee400070d8e63
MMF,SG59912f945afffc0009f2e105,SG304d911f-aaa0-417b-9b80-2f33a78bfc1f,SG,5dd276eb10d5700008e5c7d6
MMF,SG599285345afffc0009f2e26d,SGce3a6d52-2514-4260-9cb3-793275d861a5,SG,5dd3584506a0ae000b520f2a
MMF,SG5986b6b9078d11000a1463b4,SGba422496-88c5-4d23-990c-36d6ae80701e,SG,5dec354833b1060008ba048b
INCOME,SG59913163a471e5000be04893,SGb4b47a5c-9a86-47f6-b59f-031b99e83309,SG,5e250f8b4abb1600099190b3
GENERAL_INVESTING,SG59913163a471e5000be04893,SGc7609055-690f-498f-82c0-35dcbe9ab942,SG,5e2512e2a4ece50008f9dbe9
GENERAL_INVESTING,SG5992777fa471e5000be049c9,SG5564a96f-75fa-4d1f-bebd-1e25b7f4a6e4,SG,5e291f084f04380008e3aacf
EMERGENCY_FUND,SG5992777fa471e5000be049c9,SG9dd0d530-0a8e-458a-aef3-b0c89be1b2f9,SG,5e2922264d949400084d69db
MMF,SG5992777fa471e5000be049c9,SGa6a4e4e0-0610-44c0-81cc-ef10a4f87fe5,SG,5e29260fd280d700092efaf5
INCOME,SG5992777fa471e5000be049c9,SG987cba82-8f33-47db-8939-6d25b33e0c0a,SG,5e29265c4f04380008e3ab12
INCOME,SG5986a3f4078d11000a14637f,SG34399764-b9d5-46e1-83e0-90cadcd2d064,SG,5e2d29d99e332000084e10de
MMF,SG598f1bb55afffc0009f2df35,SG25e30fbe-93a5-42b4-a99c-2918f631f112,SG,5e393977c32e1700082c07e2
INCOME,SG598699c8078d11000a14635d,SG7072e8f4-9530-4c71-bc00-15f69580f146,SG,5e630b28d975690009e7505f
INCOME,SG598699c8078d11000a14635d,SG7cf5b2fc-bda2-4648-8a8a-876c408cbab7,SG,5e630b41d975690009e75070
MMF,SG59906e6d5afffc0009f2e092,SGcb04fc29-0973-4a21-b149-1a92a71a1db9,SG,5e6f9d6a5e4ce600092f20b1
MMF,SG599042f55afffc0009f2e034,SGab539ae3-325b-441e-9bad-699c9e7a5951,SG,5e85b505498abc000af04494
MMF,SG5986a9ea840fe0000b23452f,SG41f8efdc-8da6-46a6-a0ec-8b6ccce8dc78,SG,5e986537d21a7f0009d80fbf
INCOME,SG59867137078d11000a1462e2,SG8950ca71-23d4-4f86-84e8-44eaa038e5f9,SG,5ea9d4327e33010009fcf046
TRAVEL,SG5986addf078d11000a14639f,SG95ec7cb7-4165-4da6-87d5-8ffcea95c33f,SG,5ebf9a3ff28843000b7575cc
GENERAL_INVESTING,SG5986addf078d11000a14639f,SGf2ec1ded-ee27-48e7-827b-277c232428b9,SG,5ebf9f46349cb100097a0b4c
GENERAL_INVESTING,SG59929e65a471e5000be04a03,SGec152aae-813f-4edf-b732-52bfd592a4b2,SG,5ebf9fc3f28843000b75761f
GENERAL_INVESTING,SG59929e65a471e5000be04a03,SG7fccb67e-749c-4b46-b0bc-419ac879adee,SG,5ed3edc10f9f000009d50857
INCOME,SG59867b37078d11000a1462fb,SG757777a0-a555-42f9-b773-074bf35efbde,SG,5f02e77396c6d2000ae41596
RETIREMENT,SG599042f55afffc0009f2e034,SG87ba6aa2-c8e5-42e9-950d-e78a7bfa8311,SG,5f813c82968e6f0009b2f871
GENERAL_INVESTING,SG598699c8078d11000a14635d,SG061743b7-8d0b-402b-92a5-1ce76359a50f,SG,5fe00bcd262af703bc07414f
MMF,SG5992777fa471e5000be049c9,SG30d06ad1-000f-4d08-a434-14f9cd488a07,SG,602a76c7d2631da705abd527
GENERAL_INVESTING,SG598699c8078d11000a14635d,SG1f6255de-fc0a-4b67-adfb-c3a3d285c162,SG,60b7621a2291f1c9396e105b
THEME_TECH,SG599042f55afffc0009f2e034,SGe1d83dc5-9429-45f9-85ba-097155a5da41,SG,615f35f481c22b4664c6af31
THEME_CONSUMER,SG599042f55afffc0009f2e034,SGb9144ad9-14ce-48bb-ac6b-92ed489de533,SG,615f362a5032af93a53de2c2
THEME_HEALTHCARE,SG599042f55afffc0009f2e034,SGce402ae1-6217-4ff1-b3fd-5693cd5b3ef2,SG,615f36715032afaa683de2d0
THEME_TECH,SG5986d8e8078d11000a1463ea,SG2f873e5c-1eef-4c2a-84b0-857af282dfb8,SG,6185cba058f300d6bb1cf4fa
